Track,Preference,brightness_centroid,percussiveness_zcr,tempo_bpm,rms_variance,peak_to_trough_ratio,energy_gradient,chroma_variance,melody_to_drum_ratio
AURORA - Rasputin (Boney M cover - acoustic ⧸ live),Liked,1499.7732200024118,0.05295342755463957,112.34714673913044,0.00037901540054008365,5.002063274383545,0.0036099471617490053,0.014571559615433216,2.0492394426123623
AURORA - Runaway (Audio),Liked,1464.878292148773,0.057859628770301624,172.265625,0.010804427787661552,12.001242637634277,0.00909880455583334,0.009505514986813068,10.632674474735934
Agnes Obel - Dorian (Official Video),Liked,821.7383022176068,0.037062314002357766,123.046875,0.0052793314680457115,3.9404234886169434,0.009636487811803818,0.011628083884716034,17.94158330015952
Anuv Jain - AFSOS ft. AP Dhillon (Official Visualizer),Liked,1692.325480297505,0.05346277809927984,198.76802884615384,0.005269736051559448,4.444722652435303,0.011584280990064144,0.011799167841672897,5.5220121599544765
Anuv Jain - HUSN (Official Video),Liked,1635.4248084920464,0.05498513663164146,151.99908088235293,0.006751603446900845,7.712624549865723,0.009261640720069408,0.012233640067279339,6.730513455892598
Apparat - Goodbye (Official Audio),Liked,1269.757733013997,0.0541723716709622,86.1328125,0.009643087163567543,13.860345840454102,0.009945658966898918,0.01698477379977703,5.94433952665208
"Banjara - Clinton Cerejo feat Vijay Prakash & Nandini Srikar, Coke Studio @ MTV Season 2",Liked,2012.151167619319,0.07071777041638903,103.359375,0.007733775302767754,3.1371705532073975,0.014789361506700516,0.013754264451563358,4.370978875438741
Bibi Sanam ｜ Zeb & Haniya ｜ Season 3 ｜ Coke Studio Pakistan ｜@RohailHyattMusic,Liked,2498.310330911166,0.10963175194250495,103.359375,0.0033148094080388546,24.415300369262695,0.008822434581816196,0.005710378289222717,2.0092425577905453
Bu Kolthoum - Wallé  ｜  بو كلثوم - ولّع,Liked,2482.248833233827,0.10516614318759071,161.4990234375,0.004417605698108673,3.0958197116851807,0.012214295566082,0.009651110507547855,1.907029517671549
Bu Kolthoum - Zamilou ｜ بو كلثوم - زمّلوا,Liked,1508.1592933297675,0.05707787481804949,117.45383522727273,0.010837284848093987,82.32588195800781,0.015315699391067028,0.012666557915508747,2.8244172724257846
Coke Studio Season 11｜ Malang ｜ Sahir Ali Bagga and Aima Baig,Liked,2121.4423664817205,0.07920355207103087,117.45383522727273,0.006219427101314068,2.5574159622192383,0.016162116080522537,0.007256451994180679,5.530066824104983
Coke Studio ｜ Season 14 ｜ Pasoori ｜ Ali Sethi x Shae Gill,Liked,2285.5213778846464,0.07732779524097018,92.28515625,0.021282335743308067,15.906373023986816,0.017263930290937424,0.013384680263698101,4.378735955995428
Jhol ｜ Coke Studio Pakistan ｜ Season 15 ｜ Maanu x Annural Khalid,Liked,1681.029239418947,0.055391837060079135,151.99908088235293,0.017217550426721573,11.128744125366211,0.014828481711447239,0.0134424502030015,4.106794535554422
Jol Shopno (Official Audio) ｜ Palbasha Siddique ｜ Arafat Mohsin ｜ Studio58,Liked,1828.298849099883,0.0755096820145279,161.4990234375,0.003240471240133047,2.145012378692627,0.00837837252765894,0.01265126746147871,9.18844418377196
Kaatru Veliyidai - Saarattu Vandiyila Video ｜ A.R. Rahman ｜ Karthi ｜ Latest Hit,Liked,2228.1494048917666,0.0882607670732988,95.703125,0.007943348027765751,3.75345778465271,0.023656170815229416,0.021662332117557526,3.2599944876665967
Kaavish - Dekho,Liked,1434.429064748418,0.0472210561712636,89.10290948275862,0.004255872219800949,3.0216753482818604,0.011621070094406605,0.011323712766170502,2.7920588874187877
Kaavish - Faasle (Studio Version),Liked,1188.2797937826977,0.04888634902742585,117.45383522727273,0.002880723914131522,3.037546157836914,0.0065980651415884495,0.016659662127494812,8.379559015905361
Khamaaj ｜ Shafqat Amanat Ali ｜ Season 2 ｜ Coke Studio Pakistan ｜@RohailHyattMusic,Liked,1825.5063377106464,0.06724471343066822,80.74951171875,0.0005814131000079215,5.042269706726074,0.0032589116599410772,0.01935163140296936,4.407496560057537
Kotha Koiyo Na ｜ Coke Studio Bangla ｜ Season 2 ｜ Shiblu Mredha X Aleya Begum X Emon Chowdhury,Liked,1748.2891684399422,0.07800288068295864,107.666015625,0.008529693819582462,5.247087001800537,0.01601291075348854,0.01311804261058569,2.5761713794517465
Lexie Liu -  Metropolis (Official Lyric Video),Liked,1900.884942475193,0.06895224407569632,143.5546875,0.01908993162214756,4.14697790145874,0.02761337347328663,0.013583329506218433,2.683394594839152
London Grammar - Wrecking Ball in the Live Lounge,Liked,1267.8894979997933,0.0575752379947477,112.34714673913044,0.001012077322229743,2.4769020080566406,0.003570492146536708,0.01865326054394245,25.09299109104523
Long Distance Love ｜ Coke Studio Bangla,Liked,1916.3624030199514,0.06939330431572123,112.34714673913044,0.008635344915091991,4.712932586669922,0.011066596023738384,0.009430965408682823,7.404549732633644
Maanu - 4U (Official Music Video),Liked,1417.4386649425646,0.04944516321656051,129.19921875,0.005357406567782164,3.898164749145508,0.010232092812657356,0.009754003025591373,5.822672837253845
Maanu - Jhol (Acoustic) ｜ Annural Khalid ｜ Abdullah Siddiqui ｜ Asfand,Liked,1609.0984438453202,0.05708693341573292,151.99908088235293,0.004931185394525528,9.857156753540039,0.00828535109758377,0.014315654523670673,9.06599265796216
Maanu - Khwaab (feat. Mujju) (Official Audio),Liked,1807.390312570603,0.0711719123982767,99.38401442307692,0.015412851236760616,7.00109338760376,0.016402175650000572,0.009479439817368984,3.0956666360070293
Mashrou' Leila - 05 - Maghawir (Official Lyric Clip ) ｜ مشروع ليلى - مغاوير,Liked,2352.2344923665864,0.09346295105635656,117.45383522727273,0.009822643361985683,5.973530292510986,0.020070360973477364,0.01101108267903328,1.9930764914046175
Mashrou' Leila - 06 - Kalaam (s⧸he) (Official Lyric Clip ) ｜ مشروع ليلى - كلام,Liked,1368.7994331341094,0.043596079448952635,89.10290948275862,0.009932427667081356,5.997532844543457,0.012702550739049911,0.008365646935999393,9.172368900089811
Mashrou' Leila - 08 - Falyakon (Official Lyric Clip ) ｜ مشروع ليلى - فليكن,Liked,1786.7596400108725,0.07296127062833128,129.19921875,0.012983341701328754,5.926553726196289,0.026934852823615074,0.007403905037790537,1.170528226863482
Mashrou' Leila - Roman (Official Music Video) ｜ مشروع ليلى - رومان,Liked,1337.8753515658866,0.04820083862911547,99.38401442307692,0.010466626845300198,8.76017951965332,0.013039928860962391,0.009909221902489662,4.728118015544631
Mayabono Biharini from BEDROOM by Somlata,Liked,1818.689779238718,0.07344031940933732,95.703125,0.0030001094564795494,2.0688037872314453,0.012566328048706055,0.010420001111924648,4.027076956057954
Miyagi & Эндшпиль feat. Рем Дигга - I Got Love (Official Video),Liked,2261.0154427219645,0.09110706247618341,143.5546875,0.02090248465538025,4.252867698669434,0.03191544488072395,0.014646182768046856,1.5251893931543985
Murtaza Qizilbash ｜ Hum ｜ Official Audio,Liked,1551.5830788814812,0.049460864510563085,129.19921875,0.0021838571410626173,2.242659330368042,0.008160158060491085,0.015508104115724564,7.495965501914971
Mystery of Love,Liked,1128.6521367568605,0.05017311831168982,107.666015625,0.002771214349195361,3.7939329147338867,0.006126774474978447,0.015923406928777695,13.82494613895111
Nawab - Bhaga Bhaga Lyric (Telugu) ｜ @ARRahman  ｜ Mani Ratnam ｜ Rakendu Mouli,Liked,1954.9820452435274,0.08225250374179734,123.046875,0.0055371602065861225,8.519224166870117,0.009331460110843182,0.011392609216272831,9.19661870796066
Nindiya Re ｜ Kaavish ｜ Season 4 ｜ Coke Studio Pakistan ｜ @RohailHyattMusic,Liked,1449.6399993454477,0.05098952973740377,172.265625,0.005259757861495018,5.502659797668457,0.0074063921347260475,0.01790250651538372,16.200666423447217
Nitin Sawhney performing ＂Sunset＂ on KCRW,Liked,1379.6468673061242,0.05515844131097561,107.666015625,0.0012815300142392516,3.9693336486816406,0.006093646865338087,0.018745986744761467,6.2795500777607485
Oh Wonder - All We Do,Liked,1245.9623611137793,0.06086250785347465,129.19921875,0.0070335580967366695,6.0742106437683105,0.010606447234749794,0.019939100369811058,5.957033070825569
Oh Wonder - Lonely Star (Audio),Liked,845.0714183633974,0.03313345866945282,86.1328125,0.016973672434687614,14.486906051635742,0.026269301772117615,0.00717181945219636,2.9563918023120794
SomeWhatSuper & Laqeer Ke Faqeer - Mithu Donda (Lyrical Video),Liked,2070.249397800544,0.09768470373916495,117.45383522727273,0.010143512859940529,4.797526836395264,0.012740643694996834,0.01838063634932041,4.520603845536625
Soneya (Official Music Video) - Asim Azhar,Liked,2206.898859133837,0.08046440655760116,89.10290948275862,0.010510466061532497,4.182494163513184,0.017537161707878113,0.007928541861474514,2.4098343383367533
TERI JUSTAJOO - - FULL SONG,Liked,1834.5135179527674,0.06743100054835933,135.99917763157896,0.0077095916494727135,5.082304954528809,0.01189516857266426,0.012772231362760067,6.046814691644095
Thom Yorke - Suspirium,Liked,976.9504733442303,0.05518572324715288,151.99908088235293,0.005295862443745136,4.447416305541992,0.007747285068035126,0.01554418820887804,31.265046243121862
Traces Of You,Liked,1546.2991604246042,0.07126947701326751,143.5546875,0.004916582256555557,3.2436280250549316,0.011652644723653793,0.03030809946358204,7.235839373436493
Wangden Sherpa - Tadha Tadha (ft. Prajina) [Official Video],Liked,1400.1047295059923,0.04252520161290323,129.19921875,0.009608321823179722,25.085220336914062,0.014176393859088421,0.014585928060114384,3.9304704008983133
Wangden Sherpa - Timi Nacha Na  [Official Lyric Visualizer] Prod. FRWNY,Liked,1619.2026766679699,0.060246949639160344,103.359375,0.010408014059066772,6.377188682556152,0.016908301040530205,0.010412903502583504,3.8654222238368527
flora cash - They Own This Town (Lyric Video),Liked,2339.7355395374752,0.08273929523824732,86.1328125,0.012405101209878922,3.1353211402893066,0.016911709681153297,0.009516457095742226,3.660059737724798
flora cash - You're Somebody Else (Lyric Video),Liked,1429.9135814508193,0.048407917997262774,103.359375,0.013117222115397453,5.184656143188477,0.01363933365792036,0.01396337989717722,7.053948135266478
গোলোকধাঁধা ｜｜ Golokdhadha ｜｜ Kaaktaal ｜｜ Demo,Liked,1658.8493999698626,0.06143313151855234,95.703125,0.006033097859472036,7.796498775482178,0.01173388957977295,0.007926573976874352,9.192846714461096
ভাবের দেশে থাকো কন্যা｜｜bhaber deshe thako konna｜｜ Bari Siddiqui ｜｜Animes Roy,Liked,1457.2191200139366,0.056100804019791256,161.4990234375,0.0013241446577012539,2.0323128700256348,0.011008871719241142,0.025894520804286003,6.989887306201685
"A.R Rahman Maahi Ve Full Song (Audio) Highway ｜ Alia Bhatt, Randeep Hooda ｜ Imtiaz Ali",Disliked,1892.3905980238985,0.0764308996677261,66.25600961538461,0.01280419435352087,4.69169807434082,0.023300403729081154,0.02043161727488041,1.8277948993116349
Adele - When We Were Young (lyrics),Disliked,1794.4722630104145,0.0729584373965831,143.5546875,0.011334644630551338,3.3861799240112305,0.015482150949537754,0.007902211509644985,5.3280821879584686
"Ariana Grande -  ​Break up with your girlfriend, i'm bored (Lyrics)",Disliked,2500.828694413669,0.07635046210756169,172.265625,0.015009373426437378,4.02000093460083,0.017094111070036888,0.014067228883504868,5.341149204631981
Avalon (dist. demo),Disliked,2279.2411905437093,0.10621966494038994,123.046875,0.008631216362118721,3.2387523651123047,0.008596931584179401,0.0045522297732532024,5.0302549917931
BLACKPINK 'Forever Young' (Color Coded Lyrics),Disliked,3063.6230521515067,0.1556660096189614,143.5546875,0.007355273701250553,2.0185067653656006,0.019293619319796562,0.009884192608296871,2.1643344614166526
BLACKPINK - 'Ice Cream (with Selena Gomez)' Audio,Disliked,3427.087328746398,0.15656418492778,161.4990234375,0.017107082530856133,4.363503456115723,0.019144779071211815,0.013450887985527515,3.5448644484587293
Billie Eilish - BIRDS OF A FEATHER (Lyrics),Disliked,1827.0718714391792,0.05252222632983124,103.359375,0.017743712291121483,5.00495719909668,0.033997733145952225,0.008936366997659206,1.6780452441835807
Billie Eilish - Happier Than Ever (Official Lyric Video),Disliked,1385.6691159271459,0.05156900586710925,161.4990234375,0.018943222239613533,8.554494857788086,0.010593662969768047,0.008720957674086094,7.9988581246766435
Billie Eilish - WILDFLOWER (Official Lyric Video),Disliked,1465.7458443554065,0.04857762756320537,73.828125,0.012131636030972004,16.28474235534668,0.011284973472356796,0.01162227988243103,3.3548815549128483
Chal Chaliye ｜ Coke Studio Pakistan ｜ Season 15 ｜ Sajjad Ali x Farheen Raza Jaffry,Disliked,1835.2809091118233,0.06666672848559867,89.10290948275862,0.008327748626470566,17.113012313842773,0.010272704064846039,0.011186662130057812,4.5103486748544315
Chappell Roan - Pink Pony Club (Lyrics),Disliked,2083.0309356320977,0.09133870605557577,107.666015625,0.008815592154860497,4.427881717681885,0.0183621346950531,0.00790864136070013,3.6481021650031225
Chaudhary Lyric Video - Mame Khan ｜ Amit Trivedi,Disliked,2185.810233594047,0.09002793467583498,172.265625,0.014409845694899559,11.563441276550293,0.020106319338083267,0.010188371874392033,1.8138473653108658
Coke Studio ｜ Season 14 ｜ Beparwah ｜ Momina Mustehsan,Disliked,1807.2792803327525,0.06527434012253468,89.10290948275862,0.016402320936322212,61.52547836303711,0.013040038757026196,0.011970724910497665,7.917839882652218
"Desi Girl Lyrics - Dostana ｜ Vishal-Shekhar, Shankar Mahadevan, Sunidhi Chauhan, Vishal Dadlani",Disliked,2182.7890271694055,0.08328035959826491,135.99917763157896,0.015352826565504074,4.1643877029418945,0.02709786966443062,0.01995760388672352,1.3155093601527994
Doja Cat - Say So (Lyrics) ＂Why dont you say so？＂,Disliked,2498.208819200291,0.1004008690004948,112.34714673913044,0.019661322236061096,4.969645977020264,0.034976013004779816,0.008435970172286034,2.342622511099757
Gerua - Shah Rukh Khan ｜ Kajol ｜ Dilwale ｜ Pritam ｜ Arijit Singh ｜ Antara Mitra,Disliked,1915.823052149149,0.08376226388158958,89.10290948275862,0.01352462824434042,4.379240989685059,0.015601372346282005,0.0073908488266170025,6.82182476880802
"Ghodey Pe Sawaar (LYRICS) - Qala ｜ Tripti Dimri, Babil Khan ｜ Amit Trivedi, Sireesha Bhagavatula",Disliked,1686.9640163174404,0.07793354696856288,103.359375,0.006507754325866699,3.85566782951355,0.01693740487098694,0.013189971446990967,4.419209212172591
Halsey - Without Me (Lyrics),Disliked,1951.0753894667018,0.07569325218314087,135.99917763157896,0.015781285241246223,7.037630081176758,0.01993291638791561,0.009211941622197628,1.994550546388664
"Hookah Bar Lyrics - Khiladi 786 ｜ Himesh Reshammiya, Aaman Trikha, Vineet Singh",Disliked,2299.0932382912806,0.0914877611068589,129.19921875,0.008670730516314507,2.562258243560791,0.018391616642475128,0.024763232097029686,4.285790057581406
JENNIE (제니) 'Love Hangover' (Color Coded Lyrics),Disliked,2432.743707501051,0.0820591370986314,143.5546875,0.013569808565080166,3.1535871028900146,0.026839789003133774,0.007264955434948206,4.352895405887368
JENNIE - F.T.S. (Official Lyric Video),Disliked,1746.6949033326475,0.07502422938729199,60.09265988372093,0.007366108242422342,2.79553484916687,0.012047520838677883,0.012778721749782562,4.65922270291607
JENNIE - twin (Official Lyric Video),Disliked,1840.4914931031444,0.06392741264055057,112.34714673913044,0.005488173104822636,3.7630934715270996,0.011408287100493908,0.028617991134524345,10.477221426478131
"Javed Ali ｜ Jashn-E-Bahaaraa (Audio Lyrical) ｜ A. R. Rahman ｜ Hrithik Roshan, Aishwarya Rai",Disliked,1779.5571336066764,0.062009345357389,135.99917763157896,0.012867255136370659,4.5688557624816895,0.018836569041013718,0.01828857511281967,5.582828564366259
Jonas Brothers - Burnin' Up [4K] [60FPS],Disliked,2710.171702351786,0.1273751167876047,112.34714673913044,0.0045067258179187775,12.366332054138184,0.011035287752747536,0.0029074177145957947,1.8579982276503606
Justin Bieber - Sorry (Lyrics),Disliked,2238.5949125690327,0.08106474987993363,135.99917763157896,0.012108206748962402,3.033297538757324,0.025171339511871338,0.007253764662891626,2.1563032968161435
Kudmayi - Lyrical ｜ Rocky Aur Rani Kii Prem Kahaani ｜ Ranveer ｜ Alia ｜ Shahid ｜ Pritam ｜ Amitabh,Disliked,1737.149926657125,0.05898796365791819,89.10290948275862,0.007379905786365271,4.411208152770996,0.015739409253001213,0.009723545983433723,3.6880773250060317
LISA - BORN AGAIN (Lyrics) ft. Doja Cat & RAYE,Disliked,2682.332892737203,0.11513569181897847,117.45383522727273,0.009084896184504032,2.891993522644043,0.020620187744498253,0.007288331165909767,2.1843707129992183
LISA - MONEY (Lyrics),Disliked,3067.9451116024616,0.1594014615191669,135.99917763157896,0.0135014234110713,9.351806640625,0.012634898535907269,0.014961350709199905,4.28860518983024
Lana Del Rey - Million Dollar Man (Lyrics),Disliked,1909.278304968384,0.08437834540302266,66.25600961538461,0.010033627972006798,4.478681564331055,0.01264153141528368,0.010119054466485977,5.103497044175735
Lana Del Rey - National Anthem (Lyrics),Disliked,1930.977006313591,0.08974807592066922,172.265625,0.015854323282837868,7.639562129974365,0.024685850366950035,0.005138924345374107,1.2527666085132527
Lana Del Rey - Young and Beautiful,Disliked,1882.5317167136238,0.06775938207047975,112.34714673913044,0.009396200999617577,5.517851829528809,0.007384263910353184,0.01179908961057663,18.83081619357184
Love To Hate Me,Disliked,3086.98765330655,0.12829012371393902,161.4990234375,0.008708436042070389,2.569521188735962,0.018676307052373886,0.006215270143002272,2.887684977774327
Lovesick Girls,Disliked,2776.646121278709,0.1425260252202875,129.19921875,0.00829704012721777,3.031073808670044,0.018530234694480896,0.003840415505692363,2.1994744733941287
Lyrical ｜ Challa ｜ Song with Lyrics ｜ Jab Tak Hai Jaan ｜ Shah Rukh Khan ｜ A. R. Rahman ｜ Gulzar,Disliked,2677.9059294199105,0.10437564138030782,117.45383522727273,0.009861563332378864,3.0039217472076416,0.0272808987647295,0.003640355309471488,2.019058962612988
"Lyrical ｜ Heer ｜ Song with Lyrics ｜ Jab Tak Hai Jaan ｜ Shah Rukh Khan, Katrina ｜ A R Rahman ｜ Gulzar",Disliked,1680.3649004365366,0.06918884451494219,161.4990234375,0.01050804927945137,3.4155032634735107,0.020351504907011986,0.01272572111338377,1.817557448620115
Mehmaan ｜ Coke Studio Pakistan ｜ Season 15 ｜ Nizam Torwali x Zeb Bangash x Noorima Rehan,Disliked,1474.083895071984,0.051317157563460114,129.19921875,0.010775474831461906,13.978678703308105,0.01354120671749115,0.007187938783317804,2.6218520782860204
Miley Cyrus - Flowers (Lyrics),Disliked,1906.829915629662,0.07267349087334195,117.45383522727273,0.015096688643097878,3.1110947132110596,0.026257209479808807,0.005991846323013306,1.5157522802985037
"Moh Moh Ke Dhaage (Female) Lyrical Song ｜ Dum Laga Ke Haisha ｜ Ayushmann, Bhumi, Monali, Anu, Varun",Disliked,2154.934294886441,0.07558634519182322,129.19921875,0.007446978706866503,2.9854884147644043,0.015293814241886139,0.012860511429607868,7.4528898431784505
Monali Thakur - Sawaar Loon (Lyrics) ｜ Lootera,Disliked,1763.9637086527848,0.08376317062106273,112.34714673913044,0.008564264513552189,4.443220615386963,0.017403198406100273,0.015527750365436077,4.373605187429828
Murir Tin ｜ Coke Studio Bangla ｜ Season 2 ｜ Riad X Pollob X Towfique,Disliked,2551.617052208165,0.1122623243097139,107.666015625,0.013566535897552967,5.619987964630127,0.033082686364650726,0.008427068591117859,0.6348231257238474
Nahubo ｜ Coke Studio Bangla ｜ Season 2 ｜ Animes X Daughter of Coastal,Disliked,2423.3669310713194,0.09496817453289419,103.359375,0.007715591695159674,3.9641404151916504,0.015121559612452984,0.0096956891939044,1.7846456797056744
"Rema, Selena Gomez - Calm Down",Disliked,1941.4915636842156,0.06510014613908263,143.5546875,0.012114179320633411,2.8981192111968994,0.03233998641371727,0.01251877099275589,1.7320450428149843
Sabrina Carpenter - Please Please Please (Lyrics),Disliked,2187.741957216843,0.08511076086613677,107.666015625,0.009375176392495632,3.498459577560425,0.01939484477043152,0.005814177915453911,2.996586854592952
"Salim-Sulaiman, Sonu Nigam, Shreya Ghoshal, Salim Sadruddin Merchant - Shukran Allah (Lyric Video)",Disliked,1757.9390496873589,0.06324821851611541,172.265625,0.0076016648672521114,3.3176188468933105,0.01618383079767227,0.011987846344709396,3.977764377567435
Selena Gomez - Kill Em With Kindness (Lyrics),Disliked,2326.0829198976003,0.08682673777246146,117.45383522727273,0.012913579121232033,3.239718437194824,0.024317430332303047,0.010420575737953186,4.336910336973488
Shafqat Amanat Ali - Teri Jhuki Nazar (Lyrics),Disliked,1898.4131684425663,0.07880626297410916,123.046875,0.00939757376909256,2.486495018005371,0.015740079805254936,0.013121265918016434,4.521612404154596
Sham Best Lyric Video - Aisha｜Sonam Kapoor｜Abhay Deol｜Javed Akhtar｜Amit Trivedi,Disliked,2177.82286949007,0.07569100698595338,123.046875,0.002556462539359927,4.032090187072754,0.008679771795868874,0.010383361019194126,5.4591519303986455
Show Me Your Jalwa ｜ Full Song ｜ Aaja Nachle ｜ Madhuri Dixit ｜ Richa ｜ Kailash ｜ Salim ｜ Jaideep,Disliked,2068.2533112466035,0.08832272143420979,143.5546875,0.003913998603820801,3.994856357574463,0.012816919013857841,0.005010831635445356,3.8719063970965455
"Tum Mile - Title Track ｜ Emraan Hashmi, Soha Ali ｜ Pritam ｜ Neeraj Shridhar ｜ Kumaar",Disliked,2470.2884639746717,0.1046195423837053,123.046875,0.006110016722232103,3.8767614364624023,0.015035182237625122,0.016106290742754936,3.3507551855555113
You Never Know,Disliked,2661.9855157920947,0.11666345828162986,143.5546875,0.00992634892463684,4.143889904022217,0.012035381980240345,0.00810606312006712,4.58448579318817
